City_ID,City,Lat,Lng,Max Temp,Humidity,Cloudiness,Wind Speed,Country,Date
0,kapuskasing,49.4169,-82.4331,1.41,84,100,1.57,CA,1731618537
1,whitehorse,60.7161,-135.0538,-8.28,85,75,1.03,CA,1731618710
2,port-aux-francais,-49.35,70.2167,2.87,80,95,11.36,TF,1731618711
3,adamstown,-25.066,-130.1015,23.23,86,91,4.36,PN,1731618712
4,grytviken,-54.2811,-36.5092,1.93,64,54,2.89,GS,1731618713
5,mil'kovo,55.6078,37.7956,0.35,48,100,3.83,RU,1731618714
6,puerto ayora,-0.7393,-90.3518,24.19,76,100,3.58,EC,1731618715
7,waitangi,-43.9535,-176.5597,16.01,84,100,7.6,NZ,1731618717
8,constantia,44.1833,28.65,5.39,80,100,1.91,RO,1731618627
9,simpang,-1.2667,104.0833,23.54,94,88,0.44,ID,1731618720
10,palikir - national government center,6.9248,158.1611,28.47,70,100,4.12,FM,1731618721
11,al khafji,28.4391,48.4913,21.63,41,97,4.75,SA,1731618553
12,edinburgh of the seven seas,-37.0676,-12.3116,16.79,91,94,14.31,SH,1731618725
13,ushuaia,-54.8,-68.3,10.02,67,100,2.91,AR,1731618557
14,bethel,41.3712,-73.414,7.25,32,100,0.45,US,1731618728
15,blackmans bay,-43.0167,147.3167,9.85,73,93,0.09,AU,1731618730
16,lhasa,29.65,91.1,1.92,29,0,0.31,CN,1731618731
17,papatowai,-46.5619,169.4708,11.26,95,100,4.12,NZ,1731618732
18,invercargill,-46.4,168.35,11.12,94,100,5.81,NZ,1731618548
19,eldorado,-23.7869,-54.2836,28.87,32,0,2.31,BR,1731618735
20,hamilton,39.1834,-84.5333,14.24,92,100,2.06,US,1731617943
21,stanley,54.868,-1.6985,4.01,100,100,1.54,GB,1731618737
22,newman,37.3138,-121.0208,17.8,60,40,3.13,US,1731618738
23,belmonte,-15.8631,-38.8828,24.65,85,100,2.64,BR,1731618739
24,happy valley-goose bay,53.3168,-60.3315,-5.83,79,20,1.54,CA,1731618740
25,port elizabeth,-33.918,25.5701,17.16,85,0,4.63,ZA,1731618741
26,thompson,55.7435,-97.8558,-2.91,68,100,3.6,CA,1731618743
27,petropavlovsk-kamchatsky,53.0452,158.6483,-13.67,61,0,4.0,RU,1731618744
28,kayangel,8.0823,134.7173,28.61,77,100,9.29,PW,1731618745
29,klyuchi,52.2667,79.1667,-2.6,95,100,7.25,RU,1731618746
30,georgetown,5.4112,100.3354,27.96,87,40,2.68,MY,1731618747
31,enewetak,11.3474,162.3373,28.46,75,70,6.91,MH,1731618748
32,tolanaro,-25.0319,46.9987,23.26,89,60,3.11,MG,1731618749
33,arcachon,44.5875,-1.0519,6.03,93,0,2.06,FR,1731618751
34,porto novo,6.4965,2.6036,27.06,85,58,3.16,BJ,1731618568
35,aral,40.5156,81.2636,7.5,28,100,4.36,CN,1731618754
36,murzuq,25.9155,13.9184,18.32,27,3,2.76,LY,1731618755
37,colonia,50.9333,6.95,9.41,88,100,1.54,DE,1731618737
38,margaret river,-33.95,115.0667,12.42,83,100,3.88,AU,1731618757
39,rongelap,11.1635,166.8941,27.72,72,6,5.67,MH,1731618758
40,malpura,26.2833,75.3833,21.46,41,0,2.77,IN,1731618759
41,tamanrasset,22.785,5.5228,15.95,21,0,2.06,DZ,1731618760
42,dudinka,69.4058,86.1778,-33.96,98,54,3.4,RU,1731618761
43,aras-asan,8.8908,126.3033,25.16,88,79,1.65,PH,1731618762
44,port alfred,-33.5906,26.891,15.66,84,85,0.89,ZA,1731618764
45,uacu cungo,-11.3634,15.1208,18.26,90,100,0.76,AO,1731618765
46,wailua homesteads,22.0669,-159.378,24.44,87,100,12.86,US,1731618766
47,broome,42.2506,-75.833,5.92,52,0,4.12,US,1731618767
48,mana,5.6592,-53.7767,27.11,83,98,5.32,GF,1731618768
49,sao paulo de olivenca,-3.3783,-68.8725,30.03,69,100,1.44,BR,1731618769
50,praia da vitoria,38.7333,-27.0667,17.14,77,75,7.3,PT,1731618770
51,hawaiian paradise park,19.5933,-154.9731,26.04,84,40,7.2,US,1731618771
52,oranjemund,-28.55,16.4333,16.57,76,0,4.6,NA,1731618772
53,ballina,-28.8667,153.5667,22.38,84,42,3.78,AU,1731618773
54,punta arenas,-53.15,-70.9167,12.06,47,0,3.09,CL,1731618775
55,bredasdorp,-34.5322,20.0403,15.49,80,86,3.83,ZA,1731618776
56,iskateley,67.6803,53.1512,0.63,95,100,6.36,RU,1731618777
57,al markaz,25.4,49.7333,19.33,48,2,3.64,SA,1731618778
58,nansio,-2.1333,33.05,23.44,70,97,5.39,TZ,1731618779
59,antofagasta,-23.65,-70.4,19.6,78,21,3.18,CL,1731618689
60,san-pedro,4.7485,-6.6363,25.17,90,13,2.09,CI,1731618781
61,cardigan,52.0847,-4.6591,9.66,83,71,1.38,GB,1731618782
62,cooper's town,26.8667,-77.5167,23.17,74,98,4.09,BS,1731618783
63,ancud,-41.8697,-73.8203,12.46,94,100,8.81,CL,1731618784
64,ryotsu-minato,38.0833,138.4333,12.5,81,100,1.36,JP,1731618786
65,longyearbyen,78.2186,15.6401,-0.09,80,75,12.35,SJ,1731618787
66,tura,25.5198,90.2201,17.66,90,0,1.78,IN,1731618788
67,isafjordur,66.0755,-23.124,-0.94,59,52,18.48,IS,1731618789
68,albany,42.6001,-73.9662,5.23,41,100,1.13,US,1731618689
69,san rafael,-34.6177,-68.3301,32.5,17,3,3.62,AR,1731618601
70,puerto natales,-51.7236,-72.4875,13.25,50,0,4.63,CL,1731618792
71,yuanlin,30.4151,112.8859,17.25,87,0,2.5,CN,1731618793
72,ulsteinvik,62.3432,5.8487,10.07,77,100,7.29,NO,1731618795
73,la'ie,21.6477,-157.9253,25.98,89,19,6.26,US,1731618796
74,saldanha,-33.0117,17.9442,17.03,88,87,7.49,ZA,1731618797
75,hefei,31.8639,117.2808,18.36,80,0,2.73,CN,1731618798
76,avarua,-21.2078,-159.775,24.03,73,28,5.14,CK,1731618799
77,fort st. john,56.2499,-120.8529,-8.06,79,100,2.06,CA,1731618800
78,al ghayzah,16.2079,52.176,25.23,61,0,1.59,YE,1731618502
79,uturoa,-16.7333,-151.4333,26.0,72,100,4.65,PF,1731618802
80,west island,-12.1568,96.8225,26.99,89,100,7.72,CC,1731618803
81,albertina,-22.2008,-46.6158,20.6,83,27,1.13,BR,1731618804
82,sitka,57.0531,-135.33,4.94,81,75,2.57,US,1731618806
83,dzhangala,49.2167,50.3333,2.2,77,100,3.49,KZ,1731618807
84,chonchi,-42.6128,-73.8092,13.4,95,100,3.85,CL,1731618808
85,ust'-ilimsk,58.0006,102.6619,-11.22,89,100,3.26,RU,1731618809
86,bilibino,68.0546,166.4372,-26.06,100,97,0.66,RU,1731618810
87,anadyr,64.75,177.4833,-7.72,72,0,5.81,RU,1731618811
88,nova sintra,14.8667,-24.7167,25.44,63,87,8.85,CV,1731618812
89,holualoa,19.6228,-155.9522,25.86,82,0,5.14,US,1731618813
90,san luis de la loma,17.2706,-100.8939,29.0,73,87,2.55,MX,1731618814
91,asau,46.4333,26.4,-0.8,86,8,2.57,RO,1731618816
92,vadso,70.0744,29.7487,3.09,75,40,20.06,NO,1731618817
93,monetnyy,57.0472,60.8794,-1.13,85,100,5.49,RU,1731618818
94,sao felix do xingu,-6.6447,-51.995,23.81,92,100,0.27,BR,1731618819
95,nemuro,43.3236,145.575,7.64,68,100,2.14,JP,1731618820
96,nuuk,64.1835,-51.7216,-3.66,80,75,1.03,GL,1731618821
97,dryden,49.7833,-92.7503,3.16,100,100,3.09,CA,1731618822
98,fada n'gourma,12.0622,0.3578,28.86,27,2,4.02,BF,1731618606
99,yellowknife,62.456,-114.3525,-11.99,93,75,3.6,CA,1731618824
100,iqaluit,63.7506,-68.5145,-1.15,93,100,9.77,CA,1731618825
101,talnakh,69.4865,88.3972,-29.68,98,100,3.06,RU,1731618827
102,ceeldheer,3.8488,47.1806,26.28,75,77,6.28,SO,1731618828
103,hermanus,-34.4187,19.2345,15.45,80,100,4.07,ZA,1731618829
104,aberdeen,57.1437,-2.0981,7.27,93,8,1.03,GB,1731618660
105,zmiyiv,49.6966,36.3611,0.51,96,100,3.9,UA,1731618831
106,nogliki,51.8333,143.1667,-3.23,70,100,2.82,RU,1731618832
107,villa gesell,-37.2639,-56.973,24.35,58,8,5.13,AR,1731618833
108,shumikha,55.2261,63.2961,-5.23,87,70,5.22,RU,1731618834
109,kodiak,57.79,-152.4072,3.73,93,40,3.09,US,1731618835
110,atafu village,-8.5421,-172.5159,27.99,79,94,5.88,TK,1731618836
111,charters towers,-20.1,146.2667,23.0,80,98,6.48,AU,1731618838
112,kendari,-3.945,122.4989,24.24,95,52,0.75,ID,1731618840
113,port lincoln,-34.7333,135.8667,14.73,73,1,5.39,AU,1731618841
114,mount gambier,-37.8333,140.7667,9.75,78,92,2.29,AU,1731618821
115,kill devil hills,36.0307,-75.676,16.1,72,100,4.63,US,1731618843
116,pasuquin,18.3328,120.6177,25.97,94,100,5.14,PH,1731618844
117,okakarara,-20.5833,17.4333,23.59,44,26,1.5,NA,1731618845
118,jamestown,42.097,-79.2353,5.01,87,100,4.12,US,1731618529
119,ilulissat,69.2167,-51.1,-7.99,57,0,1.54,GL,1731618847
120,aasiaat,68.7098,-52.8699,-15.24,98,71,3.24,GL,1731618850
121,mata-utu,-13.2816,-176.1745,27.69,80,78,10.07,WF,1731618851
122,east london,-33.0153,27.9116,17.56,84,94,5.86,ZA,1731618852
123,arraial do cabo,-22.9661,-42.0278,22.92,83,100,1.03,BR,1731618853
124,hammerfest,70.6634,23.6821,4.25,70,75,8.75,NO,1731618854
125,kavaratti,10.5669,72.642,28.14,76,100,3.03,IN,1731618855
126,beau vallon,-20.4189,57.6953,25.13,83,40,4.12,MU,1731618856
127,bondo,3.8146,23.6866,23.19,76,92,0.49,CD,1731618857
128,tongliao,43.6125,122.2653,4.24,83,0,2.35,CN,1731618859
129,linden,6.0,-58.3,29.49,65,100,1.28,GY,1731618825
130,hithadhoo,-0.6,73.0833,28.26,77,98,6.23,MV,1731618861
131,smithers,54.7804,-127.1743,5.18,87,75,3.09,CA,1731618862
132,mitu,1.1983,-70.1733,25.36,90,87,1.69,CO,1731618863
133,haiku-pauwela,20.9219,-156.3051,26.39,81,40,18.33,US,1731618864
134,forster,-32.1667,152.5167,19.65,97,93,3.81,AU,1731618651
135,tiksi,71.6872,128.8694,-23.73,100,98,0.62,RU,1731618866
136,kiama,-34.6833,150.8667,15.88,92,100,2.24,AU,1731618867
137,mastung,29.7994,66.845,11.18,39,0,1.18,PK,1731618870
138,mount pearl,47.5166,-52.7813,11.85,97,100,7.72,CA,1731618781
139,navrongo,10.8956,-1.0921,29.93,28,1,2.63,GH,1731618872
140,hasaki,35.7333,140.8333,19.92,79,100,7.56,JP,1731618873
141,namibe,-15.1961,12.1522,22.49,82,82,2.04,AO,1731618874
142,suva,-18.1416,178.4415,28.71,65,40,5.66,FJ,1731618875
143,alofi,-19.0595,-169.9187,25.94,69,75,9.26,NU,1731618876
144,naama,33.2667,-0.3167,14.75,45,2,6.35,DZ,1731618877
145,ust-nera,64.5667,143.2,-25.83,93,99,1.18,RU,1731618878
146,linhares,-19.3911,-40.0722,22.55,91,100,1.64,BR,1731618880
147,mejit,10.2753,170.8646,28.45,72,59,6.0,MH,1731618881
148,baillif,16.0202,-61.7463,28.06,74,17,1.56,GP,1731618882
149,ola,59.5833,151.2833,-16.9,79,48,4.04,RU,1731618883
150,olonkinbyen,70.9221,-8.7187,-3.4,96,100,8.55,SJ,1731618884
151,fonte boa,-2.4959,-66.2662,31.19,60,100,0.57,BR,1731618885
152,mugia,43.1041,-9.2179,13.28,74,13,5.32,ES,1731618886
153,codrington,-38.2667,141.9667,10.09,78,100,3.21,AU,1731618887
154,kyzyl-suu,42.3414,78.0056,-4.19,55,2,4.99,KG,1731618890
155,grand island,40.925,-98.342,17.23,35,0,7.2,US,1731618891
156,mossel bay,-34.1831,22.146,13.96,81,88,5.92,ZA,1731618892
157,prado,-17.3411,-39.2208,24.8,81,100,3.19,BR,1731618893
158,hadibu,12.65,54.0333,25.52,64,99,4.47,YE,1731618894
159,new norfolk,-42.7826,147.0587,10.51,67,92,0.67,AU,1731618895
160,inarajan village,13.2736,144.7484,27.54,90,89,4.96,GU,1731618896
161,ugento,39.9263,18.1574,13.04,87,7,2.14,IT,1731618897
162,lhokseumawe,5.1801,97.1507,25.32,83,100,1.53,ID,1731618898
163,bethanie,-26.4833,17.15,26.57,12,0,3.06,NA,1731618900
164,portland,45.5234,-122.6762,12.91,82,75,5.14,US,1731618901
165,vilyuchinsk,52.9306,158.4028,-12.85,83,6,4.33,RU,1731618902
166,udachny,66.4167,112.4,-27.38,99,86,3.18,RU,1731618675
167,college,64.8569,-147.8028,-18.29,78,0,2.06,US,1731618778
168,yuzhno-kurilsk,44.0306,145.8556,6.24,73,100,3.86,RU,1731618905
169,greymouth,-42.4667,171.2,14.12,97,100,4.69,NZ,1731618906
170,susuman,62.7833,148.1667,-24.05,99,99,0.62,RU,1731618907
171,tabou,4.423,-7.3528,25.37,88,2,2.16,CI,1731618768
172,kingston,17.997,-76.7936,29.53,80,74,1.06,JM,1731618645
173,sao vicente,-23.9631,-46.3919,21.08,34,100,3.58,BR,1731618911
174,callao,-12.0667,-77.15,22.16,64,0,5.14,PE,1731618701
175,ribeira grande,38.5167,-28.7,18.22,59,40,5.36,PT,1731618913
176,batac city,18.0554,120.5649,25.88,94,100,5.14,PH,1731618914
177,okhotsk,59.3833,143.3,-16.21,73,84,5.31,RU,1731618915
178,walvis bay,-22.9575,14.5053,16.46,79,13,1.36,NA,1731618916
179,hotan,37.0997,79.9269,7.0,40,36,0.92,CN,1731618706
180,saskatoon,52.1168,-106.6345,3.99,86,100,4.12,CA,1731618918
181,sao gabriel da cachoeira,-0.1303,-67.0892,30.05,60,88,2.3,BR,1731618920
182,kavieng,-2.5744,150.7967,28.32,69,21,5.47,PG,1731618921
183,carolina beach,34.0352,-77.8936,18.34,93,100,0.45,US,1731618812
184,geraldton,-28.7667,114.6,19.23,77,100,3.6,AU,1731618923
185,sturgeon bay,44.8342,-87.377,8.2,93,100,4.12,US,1731618924
186,premia de mar,41.4921,2.3652,14.97,64,0,1.34,ES,1731618723
187,lagos,6.5833,3.75,26.06,91,95,2.01,NG,1731618926
188,afaahiti,-17.75,-149.2833,24.13,81,100,3.11,PF,1731618927
189,juneau,58.3019,-134.4197,4.0,81,100,3.6,US,1731618928
190,queenstown,-31.8976,26.8753,12.79,86,52,1.82,ZA,1731618931
191,lebu,-37.6167,-73.65,15.22,84,100,3.13,CL,1731618932
192,laojunmiao,39.8333,97.7333,-2.38,86,100,1.41,CN,1731618933
193,pangody,65.85,74.4859,-17.76,91,100,7.7,RU,1731618935
194,williams lake,52.1415,-122.1445,6.14,83,100,2.06,CA,1731618889
195,sisimiut,66.9395,-53.6735,-3.92,79,99,4.55,GL,1731618937
196,makhjan,17.2698,73.5003,24.83,79,100,1.52,IN,1731618938
197,port blair,11.6667,92.75,26.61,80,72,2.04,IN,1731618939
198,qaqortoq,60.7167,-46.0333,-11.03,59,4,2.82,GL,1731618941
199,dali,25.7,100.1833,8.82,75,0,1.04,CN,1731618942
200,port mathurin,-19.6833,63.4167,24.35,77,20,6.54,MU,1731618944
201,fort mcmurray,56.7268,-111.381,-3.23,80,75,3.6,CA,1731618716
202,ghanzi,-21.5667,21.7833,25.16,44,39,7.01,BW,1731618946
203,san juan de miraflores,-12.1629,-76.9635,21.29,76,59,4.15,PE,1731618947
204,tomatlan,19.9333,-105.25,30.06,64,19,3.26,MX,1731618948
205,sovetskaya gavan',48.9723,140.2878,-3.05,79,100,1.48,RU,1731618949
206,san julian,21.0167,-102.1667,24.56,24,7,5.79,MX,1731618951
207,namtsy,62.7161,129.6658,-20.75,97,100,2.23,RU,1731618952
208,ouadda,8.0777,22.4007,22.46,43,40,2.27,CF,1731618953
209,flying fish cove,-10.4217,105.6791,25.82,100,100,4.12,CX,1731618954
210,grand falls-windsor,48.9332,-55.6649,4.17,94,100,4.02,CA,1731618955
211,alesund,62.4723,6.1549,10.08,87,75,11.32,NO,1731618824
212,magadan,59.5667,150.8,-16.64,75,68,2.71,RU,1731618957
213,tazovsky,67.4667,78.7,-30.11,99,70,3.99,RU,1731618958
214,acarau,-2.8856,-40.12,26.16,71,16,8.16,BR,1731618959
215,makamba,-4.1348,29.804,18.26,87,100,1.22,BI,1731618961
216,peace river,56.2501,-117.286,-4.83,86,75,1.03,CA,1731618948
217,lake city,30.1897,-82.6393,25.39,53,100,1.54,US,1731618963
218,tofol,5.3248,163.0078,25.29,86,100,3.17,FM,1731618964
219,isla vista,34.4133,-119.861,21.86,46,0,2.06,US,1731618750
220,aktobe,50.2797,57.2072,-1.95,86,100,3.0,KZ,1731618966
221,salamanca,40.8333,-6.0,11.25,77,100,4.38,ES,1731618727
222,correntina,-13.3433,-44.6367,19.33,99,100,1.69,BR,1731618969
223,nikol'sk,53.7189,46.0712,-1.77,83,100,4.84,RU,1731618971
224,tralee,52.2704,-9.7026,11.46,93,100,0.88,IE,1731618972
225,teknaf,20.8624,92.3058,22.26,73,3,3.85,BD,1731618973
226,kapit,2.0167,112.9333,22.88,100,97,0.21,MY,1731618974
227,sandnessjoen,66.0217,12.6316,6.06,93,75,6.17,NO,1731618975
228,suhbaatar,50.2314,106.2078,-8.97,96,100,1.81,MN,1731618976
229,khanty-mansiysk,61.0042,69.0019,-11.94,79,40,4.0,RU,1731618977
230,tot'ma,59.9747,42.7642,-0.6,92,99,4.4,RU,1731618978
231,polyarnyy,69.1989,33.4478,1.07,80,93,12.97,RU,1731618979
232,agadez,19.75,10.25,22.39,16,2,4.39,NE,1731618981
233,novoaltaysk,53.3917,83.9363,-4.33,93,100,7.13,RU,1731618982
234,kununurra,-15.7667,128.7333,25.99,78,12,2.57,AU,1731618884
235,utrik,11.2278,169.8474,28.17,73,11,6.01,MH,1731618984
236,al hasakah,36.5024,40.7477,16.47,35,73,2.62,SY,1731618985
237,dakhla,23.6848,-15.958,19.01,88,13,3.6,EH,1731618987
238,knysna,-34.0363,23.0471,14.68,91,49,2.26,ZA,1731618988
239,luanda,-8.8368,13.2343,25.0,88,75,1.54,AO,1731618906
240,lihue,21.9789,-159.3672,24.77,83,100,12.86,US,1731618991
241,plastun,44.7561,136.2939,3.47,91,43,2.42,RU,1731618992
242,ban karon,7.8477,98.2985,28.77,92,100,2.29,TH,1731618993
243,pangobilian,8.8011,117.8594,26.39,87,100,1.64,PH,1731618994
244,ormara,25.2088,64.6357,25.94,69,0,4.03,PK,1731618995
245,inverloch,-38.6333,145.7167,11.68,67,61,0.81,AU,1731618996
246,pisco,-13.7,-76.2167,22.03,68,0,9.26,PE,1731618997
247,seydi,39.4816,62.9137,3.2,53,0,3.26,TM,1731618998
248,sao joao da barra,-21.6403,-41.0511,22.05,89,100,5.04,BR,1731618999
249,muisne,0.6,-80.0333,24.51,76,100,4.19,EC,1731619001
250,nanning,22.8167,108.3167,21.25,73,0,1.07,CN,1731619002
251,sinazongwe,-17.2614,27.4618,24.47,72,100,2.48,ZM,1731619003
252,citrus springs,28.9975,-82.4707,27.73,65,100,2.57,US,1731618994
253,quellon,-43.1167,-73.6167,12.53,93,100,5.7,CL,1731618971
254,port macquarie,-31.4333,152.9167,21.71,84,96,0.45,AU,1731619006
255,viedma,-40.8135,-62.9967,28.8,19,61,2.54,AR,1731618424
256,lerwick,60.1545,-1.1494,10.79,95,64,9.24,GB,1731619008
257,shiyan,32.6475,110.7781,16.53,90,97,1.99,CN,1731619009
258,dunedin,-45.8742,170.5036,14.33,89,100,3.58,NZ,1731618860
259,zeya,53.75,127.2667,-16.59,88,4,1.81,RU,1731619012
260,buala,-8.145,159.5921,27.86,76,43,1.43,SB,1731619013
261,whangarei,-35.7317,174.3239,17.52,98,100,3.27,NZ,1731619014
262,businga,3.3333,20.8833,23.45,93,63,0.13,CD,1731619015
263,calatayud,41.3535,-1.6432,10.69,89,14,1.31,ES,1731619016
264,gadzhiyevo,69.2551,33.3362,1.17,79,92,13.49,RU,1731619017
265,homer,59.6425,-151.5483,0.98,61,100,3.09,US,1731619003
266,crane,31.3974,-102.3501,22.74,21,0,6.64,US,1731619019
267,gorontalo,0.5412,123.0595,23.09,95,86,1.23,ID,1731619020
268,fort bragg,35.139,-79.006,13.23,94,100,2.57,US,1731619022
269,naze,28.3667,129.4833,23.51,92,100,3.84,JP,1731618991
270,northam,51.0333,-4.2167,9.23,93,5,3.09,GB,1731619024
271,kenai,60.5544,-151.2583,-5.48,83,100,5.66,US,1731619025
272,hobyo,5.3505,48.5268,26.26,75,6,7.1,SO,1731619026
273,turkan,40.3639,50.215,10.1,93,40,2.06,AZ,1731619027
274,shenjiamen,29.9576,122.298,20.57,99,100,2.76,CN,1731619004
275,chernyshevskiy,63.0128,112.4714,-24.27,100,99,1.54,RU,1731619029
276,nalut,30.3333,10.85,17.78,38,0,3.79,LY,1731619030
277,pumiao,22.75,108.4833,22.3,75,0,1.05,CN,1731619032
278,latnaya,51.6586,38.9011,-0.06,97,100,3.1,RU,1731619033
279,massawa,15.6097,39.45,29.14,56,0,1.55,ER,1731619034
280,dunay,42.8803,132.3375,6.82,90,28,4.73,RU,1731619035
281,iquitos,-3.7481,-73.2472,24.02,88,75,3.09,PE,1731619036
282,surab,28.4914,66.2585,10.69,41,9,1.08,PK,1731619037
283,arris,35.2588,6.3471,11.04,61,7,2.02,DZ,1731619038
284,merizo village,13.2658,144.6691,27.43,90,88,4.81,GU,1731619039
285,luau,-10.7073,22.2247,19.09,86,51,1.66,AO,1731619040
286,batticaloa,7.7102,81.6924,25.11,90,100,3.51,LK,1731619042
287,cherdyn',60.403,56.4787,-0.63,97,100,4.3,RU,1731619043
288,botevgrad,42.9,23.7833,3.65,98,100,1.2,BG,1731619044
289,kindu,-2.95,25.95,21.69,99,100,1.93,CD,1731619045
290,laguna,38.421,-121.4238,17.82,63,75,3.6,US,1731618761
291,par,50.3539,-4.7109,11.56,89,20,4.59,GB,1731619047
292,rehoboth,-23.3167,17.0833,26.95,12,14,3.32,NA,1731619049
293,kouroussa,10.65,-9.8833,26.8,44,46,0.22,GN,1731619050
294,ilaro,6.8865,3.0205,25.62,82,40,1.93,NG,1731619051
295,masuguru,-11.3667,38.4167,27.29,65,34,3.69,TZ,1731619053
296,neya,58.2972,43.8681,-0.95,80,100,4.06,RU,1731619054
297,salmon arm,50.6998,-119.3024,8.62,87,100,1.54,CA,1731619055
298,odessa,46.4775,30.7326,4.2,68,78,3.22,UA,1731619056
299,bouna,9.2667,-3.0,27.59,35,24,1.86,CI,1731619057
300,fortuna,40.5982,-124.1573,13.32,93,100,2.57,US,1731619058
301,pandan,14.0453,124.1694,26.13,88,100,2.09,PH,1731619059
302,ziro,27.6333,93.8333,7.33,92,2,0.87,IN,1731619060
303,bouznika,33.7894,-7.1597,14.86,100,28,2.06,MA,1731619031
304,mahina,-17.5065,-149.489,28.87,65,75,2.06,PF,1731619063
305,de aar,-30.6497,24.0123,21.52,23,1,3.64,ZA,1731619064
306,labytnangi,66.6572,66.4183,-13.61,97,100,1.73,RU,1731619065
307,cururupu,-1.8283,-44.8683,26.0,73,100,2.18,BR,1731619066
308,santana do matos,-5.9575,-36.6556,30.43,38,98,9.38,BR,1731619068
309,natal,-5.795,-35.2094,26.36,73,40,3.09,BR,1731618837
310,chimore,-16.9833,-65.1333,35.07,27,53,1.25,BO,1731619070
311,sint michiel liber,12.15,-68.9833,30.94,79,20,1.03,CW,1731619072
312,onguday,50.75,86.15,-9.38,64,100,1.98,RU,1731619073
313,nizhneudinsk,54.9076,99.0276,-9.61,57,100,2.41,RU,1731619074
314,sijunjung,-0.6876,100.9537,22.3,99,94,0.34,ID,1731619075
315,bathsheba,13.2167,-59.5167,29.34,74,40,3.6,BB,1731619076
316,cole harbour,44.6724,-63.4751,2.71,83,100,11.83,CA,1731619077
317,luderitz,-26.6481,15.1594,23.43,39,0,6.04,NA,1731619078
318,amga,60.8953,131.9608,-19.4,97,100,2.16,RU,1731619079
319,ciudad lazaro cardenas,17.9583,-102.2,29.14,68,92,4.94,MX,1731618868
320,aleksandrovsk-sakhalinskiy,50.8975,142.1561,-1.13,64,68,3.5,RU,1731619082
321,shendi,16.6915,33.4341,30.12,35,1,5.26,SD,1731619083
322,nicoya,10.1483,-85.452,23.65,95,100,1.66,CR,1731618790
323,puerto deseado,-47.7503,-65.8938,17.21,48,94,11.18,AR,1731618977
324,santa marta,11.2408,-74.199,31.03,74,75,4.92,CO,1731619086
325,minas de marcona,-15.2119,-75.1103,19.02,60,25,4.52,PE,1731619087
326,sola,-13.8833,167.55,27.15,78,73,5.47,VU,1731619088
327,araioses,-2.89,-41.9031,27.99,65,20,9.26,BR,1731619089
328,itaituba,-4.2761,-55.9836,29.09,74,20,1.03,BR,1731619090
329,mount isa,-20.7333,139.5,28.87,17,66,5.14,AU,1731619092
330,touros,-5.1989,-35.4608,25.71,73,77,5.36,BR,1731618935
331,playa blanca,28.8643,-13.8281,19.06,71,0,4.47,ES,1731619094
332,muynoq,43.7683,59.0214,1.24,56,28,3.51,UZ,1731619095
333,tongouson,5.0214,120.1328,27.35,77,85,1.45,PH,1731619096
334,aripuana,-9.1667,-60.6333,27.09,74,100,2.0,BR,1731619097
335,lubuklinggau,-3.3,102.8667,21.58,97,40,0.99,ID,1731619098
336,mpumalanga,-26.0,30.0,10.9,91,2,2.65,ZA,1731619099
337,bengkulu,-3.8004,102.2655,24.22,92,80,1.65,ID,1731619076
338,kangding,30.0513,101.9603,8.57,42,0,3.71,CN,1731619102
339,fale old settlement,-9.3852,-171.2468,28.39,76,36,5.2,TK,1731619103
340,sitamau,24.0167,75.35,19.49,46,2,2.2,IN,1731619104
341,keflavik,64.0049,-22.5624,3.24,70,75,14.92,IS,1731619105
342,saint-pierre,-21.3393,55.4781,21.82,68,3,0.0,RE,1731619106
343,cill airne,52.05,-9.5167,11.46,94,100,0.44,IE,1731619107
344,sur,22.5667,59.5289,25.98,66,0,4.94,OM,1731619108
345,jinchang,38.4953,102.1739,3.2,63,31,6.82,CN,1731619109
346,north bend,43.4065,-124.2243,10.13,93,100,3.6,US,1731619110
347,miyaly,48.8844,53.7836,2.31,65,96,3.63,KZ,1731619111
348,remire-montjoly,4.9167,-52.2667,28.02,83,75,2.57,GF,1731619113
349,antsiranana,-12.2787,49.2917,25.5,77,25,4.98,MG,1731618959
350,kurchatov,51.6601,35.6521,0.26,97,100,3.25,RU,1731619115
351,cockburn town,21.4612,-71.1419,26.41,64,3,7.16,TC,1731619116
352,salinopolis,-0.6136,-47.3561,27.4,75,32,6.32,BR,1731619117
353,sardarapat,40.1321,44.0097,2.53,72,16,0.79,AM,1731619118
354,shitanjing,39.2342,106.3439,5.16,69,100,2.58,CN,1731619119
355,saipan,15.1355,145.701,28.39,88,40,5.14,MP,1731619120
356,kotli,33.5167,73.9167,15.18,44,100,1.81,PK,1731619121
357,riosucio,5.4216,-75.7032,17.47,98,100,0.99,CO,1731619124
358,consolacion del sur,22.5047,-83.5136,28.55,61,18,4.77,CU,1731619125
359,gaiman,-43.2897,-65.4929,27.11,21,94,5.41,AR,1731619126
360,shingu,33.7333,135.9833,17.15,93,100,1.41,JP,1731619127
361,ocean shores,46.9737,-124.1563,10.53,95,100,3.09,US,1731619128
362,alice springs,-23.7,133.8833,15.75,36,33,2.06,AU,1731619129
363,yanchep,-31.55,115.6833,16.11,84,98,4.76,AU,1731619130
364,aswan,24.0934,32.907,22.56,30,0,5.23,EG,1731619131
365,verkhniy baskunchak,48.2256,46.7217,2.9,89,98,5.07,RU,1731619132
366,kruisfontein,-34.0033,24.7314,12.92,91,30,2.36,ZA,1731619134
367,beira,-19.8436,34.8389,26.05,78,75,8.23,MZ,1731619135
368,chibougamau,49.9168,-74.3659,-0.21,59,75,2.57,CA,1731618838
369,bata,1.8639,9.7658,25.62,88,100,4.11,GQ,1731619137
370,tejen,37.3834,60.5054,4.15,54,0,3.81,TM,1731619138
371,ulanhot,46.0833,122.0833,-1.34,54,100,2.04,CN,1731619139
372,zhalantun,48.0,122.7167,-3.69,51,100,0.76,CN,1731619140
373,lagoa,39.05,-27.9833,17.54,65,71,7.18,PT,1731619141
374,sarupathar,26.1984,93.8094,17.61,97,0,0.7,IN,1731619142
375,lagdo,9.05,13.7333,26.81,19,0,2.44,CM,1731619143
376,komatipoort,-25.4332,31.9548,18.06,82,37,1.56,ZA,1731619145
377,topolobampo,25.6,-109.05,27.95,30,0,8.75,MX,1731619146
378,box elder,41.5005,-112.8764,8.42,43,100,0.95,US,1731619147
379,afua,-0.1567,-50.3867,29.03,61,96,3.83,BR,1731619148
380,ciudad valles,21.9833,-99.0167,26.72,75,47,1.64,MX,1731619149
381,tefe,-3.3542,-64.7114,32.06,58,40,2.06,BR,1731619150
382,ujae,8.9322,165.7642,27.81,78,100,7.06,MH,1731619151
383,banfora,10.6333,-4.7667,28.1,35,26,1.72,BF,1731619152
384,norilsk,69.3535,88.2027,-30.85,98,98,2.26,RU,1731619153
385,sinabang,2.4803,96.3801,25.18,89,100,2.06,ID,1731619155
386,welshpool,52.6597,-3.1471,7.68,87,99,1.07,GB,1731619156
387,prince george,53.9166,-122.753,7.01,75,40,3.6,CA,1731618930
388,aleysk,52.4926,82.7822,-4.41,94,100,10.7,RU,1731619158
389,badger,64.8,-147.5333,-17.79,77,20,2.06,US,1731619159
390,vorgashor,67.5833,63.95,-12.81,96,100,5.67,RU,1731619160
391,goma,-1.6792,29.2228,17.97,90,100,0.67,CD,1731619161
392,stornoway,58.2093,-6.3865,9.98,94,44,4.12,GB,1731619035
393,amurzet,47.6967,131.0981,-4.27,81,18,3.94,RU,1731619163
394,carutapera,-1.195,-46.02,26.81,75,28,4.73,BR,1731619165
395,ponnani,10.767,75.9252,25.33,89,100,2.89,IN,1731619166
396,bel ombre,-4.6167,55.4167,26.96,76,63,1.62,SC,1731619167
397,vorotynsk,54.4283,36.0465,0.4,92,100,4.24,RU,1731619168
398,nishinoomote,30.7333,131.0,23.21,83,100,4.17,JP,1731619169
399,midelt,32.6852,-4.7451,12.61,46,70,4.4,MA,1731618885
400,souillac,-20.5167,57.5167,25.21,83,40,4.12,MU,1731619171
401,duong dong,10.2167,103.9667,27.0,89,40,0.51,VN,1731619172
402,kittila,67.6647,24.8936,0.08,64,0,4.63,FI,1731619174
403,ts'khinvali,42.2276,43.9686,4.52,56,100,0.79,GE,1731619175
404,funadhoo,6.15,73.2667,27.78,72,61,3.01,MV,1731619176
405,tadine,-21.55,167.8833,26.95,71,89,2.24,NC,1731619177
406,port augusta,-32.5,137.7667,17.35,45,55,1.93,AU,1731619178
407,saint-joseph,-21.3667,55.6167,21.21,81,16,3.74,RE,1731619180
408,vila velha,-20.3297,-40.2925,22.97,93,100,4.63,BR,1731619181
409,contamana,-7.3333,-75.0167,31.43,54,94,1.65,PE,1731619184
410,sira,13.7453,76.9092,21.42,95,74,2.51,IN,1731619185
411,aioun,16.6614,-9.6149,28.88,19,21,3.0,MR,1731619186
412,aykol,38.1751,77.2132,9.34,51,100,4.68,CN,1731619187
413,port douglas,-16.4833,145.4667,25.34,77,54,0.79,AU,1731619188
414,rey bouba,8.6724,14.1786,25.94,24,1,1.2,CM,1731619189
415,taltal,-25.4,-70.4833,18.07,76,45,2.17,CL,1731619190
416,nabire,-3.3667,135.4833,23.74,97,100,1.74,ID,1731619191
417,freetown,8.484,-13.2299,26.68,80,94,2.62,SL,1731618941
418,st. john's,47.5649,-52.7093,12.31,99,100,7.72,CA,1731619057
419,doctor arroyo,23.6667,-100.1833,23.66,35,2,1.74,MX,1731618901
420,klaksvik,62.2266,-6.589,10.19,85,100,11.48,FO,1731619196
421,newala kisimani,-10.95,39.2833,20.4,88,3,2.76,TZ,1731619197
422,ouanaminthe,19.55,-71.7333,26.49,84,91,3.42,HT,1731619198
423,alenquer,-1.9417,-54.7383,29.55,61,88,3.44,BR,1731619199
424,carnarvon,-24.8667,113.6333,20.37,85,0,5.66,AU,1731619200
425,limon,10.0,-83.0333,27.94,78,75,1.03,CR,1731619201
426,awjilah,29.1081,21.2869,19.65,41,9,2.55,LY,1731619203
427,kirakira,-10.4544,161.9205,28.16,75,92,2.0,SB,1731619204
428,kailua-kona,19.6406,-155.9956,27.93,80,0,5.14,US,1731619071
429,inari,68.906,27.0288,0.53,65,55,7.12,FI,1731619206
430,bahia honda,22.9036,-83.1592,27.78,70,28,5.7,CU,1731619207
431,tarko-sale,64.9225,77.785,-22.18,95,100,4.85,RU,1731619208
432,saint joseph,39.7686,-94.8466,15.68,45,0,2.24,US,1731619096
433,alaghsas,17.0187,8.0168,22.94,20,0,2.57,NE,1731619210
434,bor,56.3567,44.0669,-0.04,79,100,4.36,RU,1731619211
435,vanimo,-2.6741,141.3028,25.37,91,97,3.28,PG,1731619212
436,cambui,-22.6122,-46.0575,20.3,90,89,1.93,BR,1731619120
437,nar'yan-mar,67.6713,53.087,0.69,95,100,6.4,RU,1731619215
438,patterson,37.4716,-121.1297,18.39,62,80,3.04,US,1731619008
439,lazaro cardenas,17.9583,-102.2,29.14,68,92,4.94,MX,1731619218
440,pasni,25.2631,63.471,25.55,71,2,1.95,PK,1731619219
441,coahuayana de hidalgo,18.7,-103.6583,30.49,62,63,2.91,MX,1731619220
442,akjoujt,19.6969,-14.4164,25.62,15,71,3.5,MR,1731619221
443,morondava,-20.2833,44.2833,26.53,83,0,0.68,MG,1731619036
444,steamboat springs,40.485,-106.8317,10.18,26,0,1.54,US,1731619224
445,timbuktu,16.7735,-3.0074,29.19,19,17,4.81,ML,1731619225
446,island harbour,50.724,-1.2758,8.19,78,2,4.04,GB,1731619226
447,sabang,5.8933,95.3214,28.39,72,100,1.29,ID,1731619227
448,christchurch,-43.5333,172.6333,17.19,83,20,6.17,NZ,1731619023
449,prince rupert,54.3161,-130.3201,7.83,80,100,10.8,CA,1731619229
450,al jumum,21.6169,39.6981,26.87,62,0,1.41,SA,1731619231
451,arawa,-6.2132,155.5367,26.79,82,17,0.45,PG,1731619233
452,nola,40.922,14.5329,11.7,75,47,3.22,IT,1731619234
453,chabahar,25.2919,60.643,26.41,63,2,1.23,IR,1731619235
454,san mariano,7.5,126.0,22.06,93,93,1.32,PH,1731619236
455,san rafael del sur,11.8485,-86.4384,26.04,86,100,5.0,NI,1731619237
456,jiagedaqi,50.4167,124.1167,-14.8,97,42,1.27,CN,1731619238
457,caraballeda,10.6112,-66.8522,29.04,65,97,2.06,VE,1731619239
458,el granada,37.5027,-122.4694,17.57,76,100,6.17,US,1731619240
459,adigrat,14.277,39.462,12.17,84,0,2.26,ET,1731619241
460,igarka,67.4667,86.5833,-30.34,98,87,3.58,RU,1731619243
461,kerikeri,-35.2268,173.9474,19.95,95,100,6.26,NZ,1731619244
462,novyy urengoy,66.0833,76.6333,-21.34,95,100,5.32,RU,1731619245
463,broken hill,-31.95,141.4333,16.65,32,99,4.31,AU,1731619246
464,hereford,52.0568,-2.7148,5.94,96,9,0.01,GB,1731619172
465,malvan,16.0667,73.4667,26.89,76,100,2.58,IN,1731619248
466,salalah,17.0151,54.0924,25.05,69,0,3.09,OM,1731619249
467,tengrela,10.4869,-6.4097,27.39,41,62,1.43,CI,1731619251
468,jayapura,-2.5333,140.7,25.66,93,94,2.65,ID,1731619252
469,ta`u,-14.2336,-169.5144,26.5,80,87,10.39,AS,1731619254
470,las margaritas,16.3167,-91.9833,21.43,66,98,3.89,MX,1731619255
471,el porvenir,13.7617,-87.3458,26.06,89,100,1.9,HN,1731619256
472,sampit,-2.5333,112.95,23.19,98,100,0.9,ID,1731619257
473,ponte nova,-20.4164,-42.9086,19.91,95,100,2.09,BR,1731619258
474,vineuil,47.5833,1.3833,7.02,93,17,2.93,FR,1731619259
475,erdenet,49.0333,104.0833,-7.49,56,52,10.65,MN,1731619260
476,frontera,26.9333,-101.45,26.61,26,0,3.6,MX,1731619261
477,general conesa,-40.1,-64.4333,32.88,15,45,8.81,AR,1731619126
478,lakatoro,-16.0999,167.4164,28.17,73,99,2.93,VU,1731619263
479,kidal,18.4411,1.4078,26.38,16,0,4.79,ML,1731619265
480,nadi,-17.8,177.4167,30.0,58,20,2.06,FJ,1731619266
481,tazacorte,28.629,-17.9293,20.54,83,75,3.6,ES,1731619267
482,teykovo,56.858,40.5369,-1.45,88,100,3.5,RU,1731619268
483,saint-philippe,-21.3585,55.7679,23.55,84,32,3.97,RE,1731619269
484,tamana,32.9167,130.5667,20.01,86,100,1.4,JP,1731619270
485,filingue,14.3521,3.3168,29.07,21,20,4.26,NE,1731619271
486,oriximina,-1.7656,-55.8661,30.97,58,99,1.84,BR,1731619018
487,ambanja,-13.6833,48.45,24.88,89,55,0.97,MG,1731619274
488,coron,11.9986,120.2043,24.23,92,100,1.05,PH,1731619275
489,ha'il,27.5219,41.6907,16.01,67,0,2.06,SA,1731619276
490,pangoa,-12.1167,-73.0,24.38,79,99,0.95,PE,1731619277
491,delijan,33.9905,50.6838,7.91,66,6,1.1,IR,1731619279
492,novodvinsk,64.4165,40.8122,1.86,86,82,3.26,RU,1731619280
493,presque isle,46.6811,-68.0159,2.21,44,0,3.6,US,1731619281
494,la passe,45.5549,-0.8967,8.87,81,88,6.5,FR,1731619283
495,ishigaki,24.3448,124.1572,26.07,94,75,3.09,JP,1731619284
496,khandyga,62.6667,135.6,-23.84,94,100,0.86,RU,1731619285
497,tsiombe,-25.3,45.4833,23.19,82,99,6.12,MG,1731619286
498,santiago de cao,-7.9589,-79.2392,20.07,73,59,4.63,PE,1731619045
499,vazante,-17.9869,-46.9078,21.19,92,100,2.89,BR,1731619288
500,sumenep,-7.0167,113.8667,27.23,78,30,4.05,ID,1731619238
501,candelaria,13.9311,121.4233,23.41,91,96,0.81,PH,1731619290
502,kuqa,41.7278,82.9364,5.35,22,99,1.99,CN,1731619291
503,mingshui,36.7167,117.5,13.91,96,100,2.16,CN,1731619292
504,palmas,-10.2128,-48.3603,22.93,94,75,1.54,BR,1731618907
505,yemetsk,63.4721,41.7941,2.29,81,100,4.12,RU,1731619296
506,canals,38.9625,-0.5844,15.85,93,100,3.03,ES,1731619297
507,ribeira do pombal,-10.8344,-38.5358,27.27,49,74,7.57,BR,1731619298
508,berriane,32.8265,3.7669,18.37,36,6,3.25,DZ,1731619299
509,dalandzadgad,43.5708,104.425,2.5,56,100,8.48,MN,1731619300
510,konarka,19.9,86.1167,21.67,70,12,3.44,IN,1731619301
511,kamina,-8.7386,24.9906,19.29,80,33,0.73,CD,1731619302
512,lodja,-3.4833,23.4333,20.79,99,100,0.38,CD,1731619304
513,kaitong,44.8135,123.15,1.17,59,44,3.5,CN,1731619305
514,nadym,65.5333,72.5167,-14.92,95,100,9.59,RU,1731619306
515,poronaysk,49.2167,143.1167,-2.51,64,80,1.71,RU,1731619307
516,lushun,38.8,121.2667,13.12,90,96,4.98,CN,1731619020
517,wajir,1.7471,40.0573,26.54,73,92,8.39,KE,1731619309
518,fraga,41.5229,0.3489,12.46,88,36,1.93,ES,1731619310
519,yairipok,24.6667,94.0667,11.99,92,0,0.89,IN,1731619311
520,orange walk,17.8333,-88.8333,27.1,92,99,2.13,BZ,1731619314
521,dhamar,14.5427,44.4051,10.32,34,3,3.46,YE,1731619292
522,turpan,42.9333,89.1667,4.69,35,68,2.38,CN,1731619316
523,murray bridge,-35.1167,139.2667,11.31,73,0,0.93,AU,1731619317
524,new plymouth,-39.0667,174.0833,18.23,100,100,8.19,NZ,1731619318
525,puerto palomas,31.7667,-107.6167,20.15,12,0,3.35,MX,1731619319
526,sittwe,20.15,92.9,23.61,83,4,3.51,MM,1731619320
527,vilyuysk,63.7553,121.6247,-31.25,100,95,1.09,RU,1731619321
528,yugorsk,61.3133,63.3319,-3.55,90,100,3.77,RU,1731619322
529,ghat,24.9647,10.1728,20.22,18,1,0.64,LY,1731619324
530,caleta de carquin,-11.0925,-77.6267,20.32,76,25,4.15,PE,1731619325
531,matthew town,20.95,-73.6667,26.48,71,95,7.85,BS,1731619326
532,balaipungut,1.05,101.2833,23.54,98,100,0.84,ID,1731619327
533,guerrero negro,27.9769,-114.0611,24.13,26,0,5.42,MX,1731619328
534,muntok,-2.0667,105.1833,25.9,86,72,1.54,ID,1731619329
535,belgrade,44.804,20.4651,1.85,84,75,2.06,RS,1731618868
536,maxixe,-23.8597,35.3472,21.99,71,77,5.73,MZ,1731619331
537,pocone,-16.2567,-56.6228,31.53,50,89,2.3,BR,1731619332
538,abu dhabi,24.4667,54.3667,29.97,57,0,2.06,AE,1731619318
539,romanovka,51.7443,42.7527,-0.28,99,100,2.41,RU,1731619335
540,vila franca do campo,37.7167,-25.4333,18.27,99,55,7.04,PT,1731619336
541,pacasmayo,-7.4006,-79.5714,20.35,73,99,5.98,PE,1731619337
542,az zawr,29.4425,48.2747,21.68,47,100,5.38,KW,1731619338
543,san patricio,28.017,-97.5169,26.97,21,0,3.49,US,1731619339
544,luganville,-15.5333,167.1667,27.84,76,98,1.55,VU,1731619340
545,port loko,8.7667,-12.7833,24.66,92,93,1.54,SL,1731619341
546,taroa,8.7058,171.2275,27.93,73,92,1.93,MH,1731619342
547,majene,-3.5403,118.9707,24.9,86,89,1.47,ID,1731619344
